Name,Handle / Username,Platform,Content URL,Follower Count,Category,Notes,Good Affiliate Fit (Yes/Maybe/No)
Elena Cruz,@ecruz_n,Instagram + TikTok + YouTube,https://www.instagram.com/ecruz_n/,"640K IG / 1.3M TikTok / 127K YouTube",Shuffle Dancer,"Miami-based shuffler; huge rave/festival audience; appeared in 3LAU and Electric Polar Bears music videos; runs online shuffle courses; deep festival culture ties (Ultra Miami). One of the most recognized shufflers globally.",Yes
Gabby J David,@gabbyjdavid,Instagram + YouTube + TikTok,https://www.instagram.com/gabbyjdavid/,"350K+ IG / 209K YouTube",Shuffle Dancer / Rave Influencer,"Professional dancer; created the Fortnite Electro Shuffle emote; featured in Don Diablo music videos; advocates for CRPS awareness; deeply embedded in EDM community. Signed to Selter Media / Go2 Talent Agency.",Yes
Rachel JB Jones,@rachel.jb.jones,Instagram,https://www.instagram.com/rachel.jb.jones/,518.7K IG,Hula Hoop / Flow Arts,"Founder of @huladancercise; hula hoop dance and comedy creator; very engaged following.",Yes
Eshna Kutty,@eshnakutty,Instagram,https://www.instagram.com/eshnakutty/,289.4K IG,Hula Hoop / Flow Arts,"Founder of @hoop.flo; co-host of @eat.hoop.love podcast; major hoop community figure.",Yes
Elli Haschke,@elli_hoop,Instagram,https://www.instagram.com/elli_hoop/,262.7K IG,Hula Hoop / Flow Arts,"German hooper and bestselling author; large following; content mix German/English. Primarily German audience — lower priority for English-speaker targeting.",Maybe
Grace Good,@gracegood,Instagram,https://www.instagram.com/gracegood/,299.2K IG,Fire Dancing / Flow Arts,"Featured NBA halftime act; 2x Guinness World Record holder; fire performer and circus artist; Nashville-based. Massive reach in fire/flow community.",Yes
Burning Man Project (Official),@burningman,Instagram,https://www.instagram.com/burningman/,2M IG,Burning Man / Community,"Official Burning Man org account. Cultural movement page. Unlikely to do affiliate but worth a partnership pitch to feature Glimmer Cards as a gifting/PLUR-aligned product.",No
Festivalstyled / Bekah,@festivalstyled,Instagram + TikTok,https://www.instagram.com/festivalstyled/,"221.3K IG / 470K TikTok",Festival Influencer,"UK-based rave and festival content; solo travel, thrift, rave fashion; massive TikTok presence. One of the biggest rave creators on TikTok.",Yes
Wonderli,@_wonderli,Instagram,https://www.instagram.com/_wonderli/,164.5K IG,Festival Influencer / EDM Community,"Co-owner of @houseofplur.us and @impeakingpod; 'Explore the Wonders of EDM'; manages through @wandr-media.io. Core PLUR figure — ideal Glimmer Cards partner.",Yes
Sunflower Raver (Hera),@sunflowerraver,Instagram,https://www.instagram.com/sunflowerraver/,168.1K IG,Rave Influencer,"'Music is the answer'; managed by Selter Media; rave fashion and culture content.",Yes
Scarlet Vesper,@scarletvesper_raves,Instagram + TikTok,https://www.instagram.com/scarletvesper_raves/,"44.7K IG / 424K TikTok",Festival Influencer,"'EDM rave humor + travel'; enormous TikTok presence; married couple rave content; already does affiliate work (iHeartraves). Very affiliate-friendly.",Yes
Clarissa Talks,@clarissatalks,Instagram,https://www.instagram.com/clarissatalks/,134.6K IG,Rave Influencer,"Bay Area raver; fat positivity / self-love fairy godmother; rave + lifestyle content. Warm, authentic voice — very aligned with Glimmer Cards values.",Yes
Adrian Vicuna,@xvirad,Instagram + TikTok,https://www.instagram.com/xvirad/,"137.3K IG / 300K+ TikTok",Rave Influencer / Techno Artist,"Techno artist and content creator; managed by @86dmgmt; dual platform reach.",Maybe
Sam Tobey / FlowMayhem,@flowmayhem,Instagram,https://www.instagram.com/flowmayhem/,136.7K IG,Flow Arts / Fire Spinning,"LA-based insured fire performer specializing in rope dart; #1 online rope dart course; @socalfiredancers. Festival circuit performer.",Yes
Jami Jones,@thejamijones,Instagram,https://www.instagram.com/thejamijones/,100.7K IG,Rave Influencer,"Festivals, dance, fashion; AZ-based; attends M3F and Breakaway; managed by Selter Media. High energy rave personality.",Yes
DJ Carlo Atendido,@djcarloatendido,Instagram,https://www.instagram.com/djcarloatendido/,105K IG,DJ / EDM Creator,"NYC-based DJ; 7.8% engagement rate (very high); relatability-focused DJ content.",Maybe
Daniel / BassBae Daniel,@bassbaedaniel,Instagram,https://www.instagram.com/bassbaedaniel/,76K IG,Festival Influencer / Podcast,"EDM music + festival content; Filipino-American LA; co-hosts @impeakingpod (I'm Peaking Podcast); part of @notdeadyetmusic. Connected to core rave community.",Yes
Taylor Duffrin,@taylor_flows,Instagram,https://www.instagram.com/taylor_flows/,77.1K IG,Hula Hoop / Fire / Flow Arts,"Specialty act performance artist; international and online instructor; full-time creative; Patreon.",Yes
Devin Larscheid,@devinlarscheid,Instagram,https://www.instagram.com/devinlarscheid/,70.3K IG,Rave Influencer / Podcast,"EDM and raves content; NASM-certified personal trainer; co-host @impeakingpod; 'rave and gym' lifestyle creator.",Yes
Lauri Koskinen / Juggling Mastery,@jugglingmastery,Instagram,https://www.instagram.com/jugglingmastery/,88.3K IG,Flow Arts / Juggling,"Professional juggler; runs Juggling Mastery online school; broad flow arts audience.",Maybe
Charlotte Houareau / Nitty Gritty Guide,@thenittygrittyguide,Instagram,https://www.instagram.com/thenittygrittyguide/,56.7K IG,Festival Influencer,"Music festival guides, tips, and adventures; blog at thenittygrittyguide.co; Envision Festival. Affiliate-friendly blogger style.",Yes
Pamela Seco,@pamelaasecoo,Instagram,https://www.instagram.com/pamelaasecoo/,66.4K IG,Rave Influencer,"Rave fashion / personal style; runs @diosabyseco; Brazil-based but large English-speaking rave fashion audience.",Maybe
DJ Lost One,@djlostone,Instagram + TikTok,https://www.instagram.com/djlostone/,"72K IG / 2.2M TikTok",DJ / EDM Creator,"AZ-based DJ; monster TikTok presence (2.2M); very high engagement on both platforms.",Maybe
Lucero Ponce,@chaskasiri,Instagram,https://www.instagram.com/chaskasiri/,50.6K IG,Flow Arts / Fire,"Performance artist from Peru; currently Costa Rica; fire and flow dancer; runs @asiri.movement online school.",Yes
Yarden (Yarden Saxophone),@yarden_saxophone,Instagram,https://www.instagram.com/yarden_saxophone/,112K IG,DJ / EDM Creator,"International sax player, DJ, and music producer; house music; 4.4% engagement; very festival-aligned.",Maybe
Natalie / Elements of Flow,@elementsofflow,Instagram,https://www.instagram.com/elementsofflow/,42.5K IG,Flow Arts,"Silk fans artist; students in 50+ countries; joy and freedom focused — very aligned with Glimmer Cards vibe.",Yes
Jessy Spin,@jessy.spin,Instagram,https://www.instagram.com/jessy.spin/,49.3K IG,Fire Dancing / Flow Arts,"Fire and flow artist; creator of Phoenix Rising Fire Skirt™; owns @firelilydance; instructor and entertainer.",Yes
Shelbey Stephens,@spicyyscorpioo,Instagram,https://www.instagram.com/spicyyscorpioo/,44.2K IG,Rave Influencer,"Austin TX-based rave content; lifestyle aesthetic; romanticize your life content.",Yes
Scarlett Vesper (TikTok primary),@scarletvesper,TikTok,https://www.tiktok.com/@scarletvesper,424K TikTok,Festival Influencer,"Primary TikTok account for Scarlet Vesper — rave humor, couple content, festival life.",Yes
Sabrina / Rebel Industry,@rebelindustry,Instagram,https://www.instagram.com/rebelindustry/,60.5K IG,Shuffle Dancer / Rave,"Canadian Shuffle Queen; runs @shufflerebellion and @rebels.shuffleacad; professional shuffle instructor.",Yes
Mikey Lion,@mikeylion,Instagram,https://www.instagram.com/mikeylion/,43K IG,DJ / Burning Man-adjacent,"DJ spreading love through music; co-founder Desert Hearts Festival + Desert Hearts Records; deeply community-oriented. High PLUR alignment.",Yes
Katie Kayy,@katiekayyyy,Instagram,https://www.instagram.com/katiekayyyy/,42.4K IG,Rave Influencer,"FL-based rave content; Italian/Lebanese; rave culture and festival lifestyle.",Yes
Phoenix,@phoenix.fireflow,Instagram,https://www.instagram.com/phoenix.fireflow/,34.1K IG,Fire Dancing / Flow Arts,"International fire artist and teacher; workshops via @flamefatale.official; troupe @dakinidancers.",Yes
Gustavo Ollitta,@gollitta,Instagram,https://www.instagram.com/gollitta/,36.6K IG,Flow Arts / Juggling,"Flow artist from Brazil/Italy; Thailand-based; ambassador for multiple flow art brands (ignispixel, neoflowart, moodhoops, hoopologie).",Maybe
Emma Kapotes,@emmakapotes,Instagram + YouTube,https://www.instagram.com/emmakapotes/,"37.9K IG / 33.7K YouTube / 170K+ combined",Rave Influencer / Podcast,"NJ rave and festival content creator; hosts @insomniacradio and @raveculturecast podcast; Sr. Community Manager at @beatboxbeverages. Very media-connected in rave world.",Yes
Caitlin Cuevo / Hoop With Cait,@hoopwithcait,Instagram,https://www.instagram.com/hoopwithcait/,32.6K IG,Hula Hoop / Flow Arts,"Beginner-friendly hoop content; 100+ free tutorials; very community-focused and warm vibe — great Glimmer Cards alignment.",Yes
Sami LeBlunt,@_leblunt_,Instagram,https://www.instagram.com/_leblunt_/,35.6K IG,Rave Influencer,"PLUR-heavy rave content; does affiliate codes already (iHeartraves, spunglasses, bass.head.beads). Already accustomed to affiliate work.",Yes
Tara O'Neill,@tara0neill,Instagram,https://www.instagram.com/tara0neill/,33.1K IG,Rave Influencer,LA-based rave content creator.,Yes
Bella Nuce,@bella.nuce,Instagram,https://www.instagram.com/bella.nuce/,32.9K IG,Rave Influencer / Media,"Music, marketing, movement; social strategy @pizzacakedigital; Denver/NYC. Festival culture and EDM.",Yes
Morgan Jenkins / Miss Mo Jangles,@missmojangles,Instagram,https://www.instagram.com/missmojangles/,30.9K IG,Hula Hoop / Fire Dancing,"International hoop instructor; creative director; fire dancer; filmmaker; runs @lumiadanceco and @thefiremingos.",Yes
Lisa Lottie,@lisa_lottie,Instagram,https://www.instagram.com/lisa_lottie/,29.7K IG,Hula Hoop / Flow Arts,Self-described 'hula hoop idiot'; UK-based; authentic and community-beloved hooper.,Yes
Mckenzey Brooke Simper,@kenzingtonhoopington,Instagram,https://www.instagram.com/kenzingtonhoopington/,27.9K IG,Hula Hoop / Circus / Festival,"Juggling, circus, pole, and hoops; festival-circuit performer; affiliated with hoopologie and astralhoops.",Yes
Ade / Vibe With Ade,@vibewithade,Instagram,https://www.instagram.com/vibewithade/,26K IG,Rave Influencer / Community,"Rave guru; life coach for ravers; DJ; creator of @lifeisafestivalco; festival workshop host. Deeply community-oriented — excellent Glimmer Cards fit.",Yes
Kaylin Meyers / That Juggling Girl,@thatjugglinggirl,Instagram,https://www.instagram.com/thatjugglinggirl/,34.4K IG,Flow Arts / Juggling,"Juggling performer, instructor, creator; Michigan-based, internationally available.",Yes
Sierra Nash,@nashedpoiiitato,Instagram,https://www.instagram.com/nashedpoiiitato/,25.6K IG,Flow Arts / Fire / Poi,"Poi dancer and instructor; Filipino-American; performer and teacher.",Yes
Jasmin Lewis,@hereecomesjasmin,Instagram,https://www.instagram.com/hereecomesjasmin/,24.8K IG,Flow Arts / Rave Adjacent,"Vegan vixen; @orlandoflows — flow art community organizer; movement and space creation.",Yes
Kylee Lipinski,@cometdancerr,Instagram,https://www.instagram.com/cometdancerr/,25.1K IG,Hula Hoop / Flow Arts,Hoop dance instructor; sells online hoop courses; rave-adjacent community.,Yes
Yesenia Escobar,@nebioliva,Instagram,https://www.instagram.com/nebioliva/,24.1K IG,Rave Influencer,"Rave fashion / passion for fashion; UCLA alum; LA-based.",Maybe
Kenny Cheung,@kennyjuggling,Instagram,https://www.instagram.com/kennyjuggling/,24K IG,Flow Arts / Circus,"Professional juggler; Australian circus artist; Gold Medallist and World Record Holder.",Maybe
Britta Grace,@britta_grace,Instagram,https://www.instagram.com/britta_grace/,24.4K IG,Festival Influencer,"LA content creator, spin instructor; social media and marketing manager @thefestivalbabes.",Yes
Tatum Bell,@tatum.bell,Instagram,https://www.instagram.com/tatum.bell/,21.3K IG,Flow Arts / Festival,"Denver-based veteran; Collab Manager @spin.flowstar; Partnerships Manager @mp3labs; flow artist and festival enthusiast.",Yes
Tokyo Moreno,@tokyomoreno,Instagram,https://www.instagram.com/tokyomoreno/,19.3K IG,Fire Dancing / Flow Arts,"Florida fire flow performer; owner @floridafireflow.com.",Yes
Flow Mystica,@flowmystica,Instagram,https://www.instagram.com/flowmystica/,21.5K IG,Fire Dancing / Flow Arts,"Journey of self-expression; flow artist, fire spinner, dancer.",Yes
Karina Flow,@misskarinaflow,Instagram,https://www.instagram.com/misskarinaflow/,21.4K IG,Fire Dancing / Flow Arts,"Fire dancer; silk prop creator @stateofflow.propshop; producer, ring leader; flow arts teacher.",Yes
Josh Philippi / TechSwan,@techswan,Instagram,https://www.instagram.com/techswan/,22.3K IG,Hula Hoop / Flow Arts,"Hoop and flow arts; joyful love-based content; festival community.",Yes
Jasmine Kienne,@hothoopdancemama,Instagram,https://www.instagram.com/hothoopdancemama/,20.4K IG,Hula Hoop / Flow Arts,"Austin TX hooper, flutist, teacher; mom; online/live lessons; warm community energy.",Yes
Angela Presnell / Lil Hoop Girl,@lilhoopgirl,Instagram + TikTok,https://www.instagram.com/lilhoopgirl/,"23.8K IG / 283K TikTok",Hula Hoop / Flow Arts,"International hoop instructor; founder @movementmondaystpete; huge TikTok presence from viral videos (2M+ views on a single video). Excellent reach.",Yes
Spencer Androli / Spence the Juggler,@spencethejuggler,Instagram,https://www.instagram.com/spencethejuggler/,17.9K IG,Flow Arts / Juggling,"Ranked #1 juggler in 2023 and 2025; multiple world record holder; 3x WJF champion.",Maybe
Michelle Verhoeks / FlowMies,@flowmies,Instagram,https://www.instagram.com/flowmies/,17.2K IG,Hula Hoop / Flow Arts,"Dutch flow artist; Top 3 Holland's Got Talent 2024; hoop dance teacher.",Maybe
Emma Kenna / Hooping Mad,@hoopingmad,Instagram,https://www.instagram.com/hoopingmad/,17.1K IG,Hula Hoop / Flow Arts,"UK-based hoop instructor; Zoom/video classes; teacher training; @astralhoops ambassador.",Yes
Abi Lindsey,@abigailspindsey,Instagram,https://www.instagram.com/abigailspindsey/,19.2K IG,Hula Hoop / Circus,"Circus artist; co-owner @_midnightreverie_ and @wakingdreamscircus; Tampa FL; @astralhoops sponsored.",Yes
Porscha La'Chelle,@porschazoom,Instagram,https://www.instagram.com/porschazoom/,18.6K IG,Flow Arts / Lifestyle,Flow + motherhood + food; movement-focused creator; warm authentic content.,Yes
Natasha Björnsson-Merrick,@tashwildfire,Instagram,https://www.instagram.com/tashwildfire/,11.6K IG,Fire Dancing / Circus / Burner,"Circus performer; tattoo apprentice; @maine_flowonfire; @baysidehooping. Note bio says 'Emmy Award Winning' (different account may be @mirrapirate61).",Yes
Miranda Bressler,@mirrapirate61,Instagram,https://www.instagram.com/mirrapirate61/,3.2K IG,Fire Dancing / Burner,"Emmy Award Winning fire performer; flow artist; explicitly identifies as Burner; yoga teacher; painter. Small but very targeted burner audience.",Yes
Valerie Sealey / Valerie Solstix,@valeriesolstix,Instagram,https://www.instagram.com/valeriesolstix/,10.9K IG,Flow Arts,"Multifaceted circus performer specializing in staff; solstix.com.",Maybe
Corey Sutton / Str1ng The0ry,@str1ng_the0ry,Instagram,https://www.instagram.com/str1ng_the0ry/,10.7K IG,Flow Arts,"Glowstringer and numbers juggler; rave-specific skill set.",Yes
Zak McAllister,@zakmcallister,Instagram,https://www.instagram.com/zakmcallister/,12.5K IG,Flow Arts / Juggling,Juggler; simple direct content.,Maybe
AJ Londono / Flow With AJ,@flowwithaj,Instagram,https://www.instagram.com/flowwithaj/,13.2K IG,Flow Arts / Wellness,"Flow state training; habit formation; life optimization; hosts adventure retreats.",Yes
Madie Coryell / Madie Firefly,@madiefirefly,Instagram,https://www.instagram.com/madiefirefly/,13.1K IG,Fire Dancing / Flow Arts,"Professional dancer, fire performer, personal trainer, dance teacher. @builtbymadie.",Yes
Abby Wild Fire,@abby.wild.fire,Instagram,https://www.instagram.com/abby.wild.fire/,12.7K IG,Fire Dancing,"Multiprop fire artist; insured; Milwaukee WI; co-creator @the_burn_book_bible.",Yes
Elise Rodriguez,@eliseerodriguez,Instagram,https://www.instagram.com/eliseerodriguez/,31.9K IG,Rave Influencer,"Insomniac/Lunautics/Freedom Ravewear affiliate; rave fashion and culture; very affiliate-forward already.",Yes
Brandi / BrandiVrse,@brandivrse,Instagram,https://www.instagram.com/brandivrse/,25.4K IG,Festival Influencer,"Denver festival culture; EDM creator; 'I'll bring you with me to your favorite festivals'; warm and community-focused content.",Yes
Amber / Amber Flowz,@amber_flowz,Instagram,https://www.instagram.com/amber_flowz/,23.3K IG,Hula Hoop / Flow Arts / Rave,"Sponsored by @misshoopsalot, @astralhoops, @ithacatiedyes, @glowiiscape; very rave-embedded hooper.",Yes
Zach (Hoop + House Music),@_zachh_attackk_,Instagram,https://www.instagram.com/_zachh_attackk_/,13.2K IG,Hula Hoop / Flow Arts / Rave,"Hula hoops, nature, and house music; co-founder @flowsolhoopretreat; @moodhoops sponsored.",Yes
Ellen Phillips / Hoop Rebel,@hoop_rebel,Instagram,https://www.instagram.com/hoop_rebel/,12.9K IG,Hula Hoop / Flow Arts,"Memphis flow artist and hoop teacher; @moodhoops code 'HoopRebel'; @grindcityflowarts.",Yes
Juliana / JuliWubz,@juliwubz,Instagram,https://www.instagram.com/juliwubz/,16.7K IG,Festival Influencer,"@thefestivalbabes; @sunshineattire JULIANA10; whimsical festival fashion.",Yes
Burning Man Art Account,@burningman.art,Instagram,https://www.instagram.com/burningman.art/,44K IG,Burning Man / Community,"16-year burner vibing on Burning Man art year-round; community curation account; warm and authentic.",Yes
Insomniac Events (Official),@insomniacevents,Instagram,https://www.instagram.com/insomniacevents/,940K IG,Festival Org / Community,"Official Insomniac Events (EDC, Electric Forest, etc.) Instagram. Major media reach. Not affiliate-suitable but good for awareness pitch.",No
r/EDM,r/EDM,Reddit,https://www.reddit.com/r/EDM/,3M+ members,Online Community,"Largest EDM subreddit. Can run organic posts, AMAs, or community product features. Not affiliate but high-value awareness channel.",No
r/aves,r/aves,Reddit,https://www.reddit.com/r/aves/,~500K members,Online Community,"Rave culture subreddit — events, fashion, memes, culture. More rave-specific than r/EDM. Good for organic community outreach.",No
r/BurningMan,r/BurningMan,Reddit,https://www.reddit.com/r/BurningMan/,108K members,Online Community / Burning Man,"Core burner community on Reddit. Perfect audience for Glimmer Cards gifting culture framing (radical gifting is a Burning Man principle).",No
r/flowarts,r/flowarts,Reddit,https://www.reddit.com/r/flowarts/,~50K members,Online Community / Flow Arts,Flow arts subreddit. Flow artists who attend raves and festivals.,No
I'm Peaking Podcast,@impeakingpod,Instagram + Spotify,https://www.instagram.com/impeakingpod/,~80K+ combined,Podcast / EDM Media,"EDM and rave culture podcast; co-hosted by Wonderli, Daniel/BassBae, and Devin Larscheid; well-known in rave community. Podcast sponsorship could be huge.",Yes
Rave Culture Podcast / Cast,@raveculturecast,Instagram + Podcast,https://www.instagram.com/raveculturecast/,Unknown,Podcast / EDM Media,"Rave Culture Cast — rave-focused podcast; co-hosted by Emma Kapotes. Festival and rave culture commentary.",Yes
House of PLUR,@houseofplur.us,Instagram,https://www.instagram.com/houseofplur.us/,Unknown,PLUR Community Account,"PLUR community platform; tied to Wonderli and I'm Peaking podcast ecosystem. Very aligned with Glimmer Cards values.",Yes
Desert Hearts (Festival),@deserthearts,Instagram,https://www.instagram.com/deserthearts/,Unknown — est. 100K+,Festival / Community,"Beloved boutique house and techno festival known for love, PLUR, and community. Not affiliate but ideal for Glimmer Cards partnership pitch.",Maybe
Lee Reynolds / Desert Hearts,@leereynolds_music,Instagram,https://www.instagram.com/leereynolds_music/,31K IG,DJ / Community Builder,"Co-founder of Desert Hearts Festival and Desert Hearts Records; love + music + community focused; very aligned with Glimmer Cards.",Yes
Mikey Lion,@mikeylion,Instagram,https://www.instagram.com/mikeylion/,43K IG,DJ / Community Builder,"Co-founder Desert Hearts; 'DJ spreading love through music'; deeply community-driven. Ideal Glimmer Cards collaborator.",Yes
Lil Hoop Girl TikTok,@lilhoopgirl,TikTok,https://www.tiktok.com/@lilhoopgirl,283K TikTok,Hula Hoop / Flow Arts,"TikTok-primary channel for Angela Presnell; viral hoop videos; massive rave-adjacent festival audience.",Yes
Festival Insider,N/A,Website / Instagram,https://festivalinsider.com/,Unknown,Festival Media,"Festival culture media site; covers shuffle, EDM, festivals; advertising/editorial placement opportunity.",Maybe
Lee Burridge,@djleeburridge,Instagram,https://www.instagram.com/djleeburridge/,143K IG,DJ / Burning Man-adjacent,"Founder and curator @alldayidream (beloved festival and audio-visual experience brand); community-oriented and Burning Man-affiliated.",Maybe
Branden / DJGallixc,@djgallixc,Instagram + TikTok,https://www.instagram.com/djgallixc/,590K IG,DJ / EDM Creator,DJ and entertainer; Orlando FL; 590K IG and high growth; very broad rave audience.,Maybe
DJ SHU-G,@djshu_g,Instagram + TikTok,https://www.instagram.com/djshu_g/,518K IG,DJ / EDM Creator,"Brooklyn/NYC DJ; Japanese-American; 518K IG; very high follower growth (53% 6mo).",Maybe
Malcolm (CANVA$),@ihearcanvas,Instagram,https://www.instagram.com/ihearcanvas/,1.2M IG,DJ / EDM Creator,"DJ, producer, speaker, influencer; 1.2M followers; Ambassador for @destiny_rescue; massive reach.",Maybe
Pia Basilio / DJ PiaB,@djpiab,Instagram,https://www.instagram.com/djpiab/,50K IG,DJ / EDM Creator,LA-based international Filipino-American DJ; follows @thepiaeffect_hq; festival community-aligned.,Maybe
Devan Ibiza,@devanibiza,Instagram,https://www.instagram.com/devanibiza/,49K IG,DJ / EDM Creator,"Producer, DJ, artist; creator of Dev's Basement podcast; house music focus.",Maybe
VNSSA,@vnssa,Instagram,https://www.instagram.com/vnssa/,46K IG,DJ / EDM Creator,"Female DJ/producer; Red Light Management; Wass agency; respected in house scene.",Maybe
Mirian Bressler (Emmy Fire),@mirrapirate61,Instagram,https://www.instagram.com/mirrapirate61/,3.2K IG,Fire Dancing / Burner,"Already listed above as Miranda Bressler — confirmed burner and fire artist.",Yes
All Day I Dream,@alldayidream,Instagram,https://www.instagram.com/alldayidream/,Unknown — est. 150K+,Festival / Event Brand,"Lee Burridge's audio-visual experience brand; Burning Man-affiliated; beloved in house/electronic community.",Maybe
Electric Forest (Festival),@electricforest,Instagram,https://www.instagram.com/electricforest/,Unknown — est. 400K+,Festival / Community,"Iconic camping music festival; magical forest theme; community-driven. Great for awareness partnership pitch.",No
EDC Las Vegas (Insomniac),@edclasvegas,Instagram,https://www.instagram.com/edclasvegas/,Unknown — est. 600K+,Festival / Community,World's largest EDM festival. Media/awareness pitch only — not affiliate.,No
Rave Culture Cast (YouTube),Emma Kapotes,YouTube,https://www.youtube.com/raveculturecast,Unknown,Podcast / EDM Media,YouTube presence for the Rave Culture Cast podcast; rave culture commentary.,Yes
Shuffle Rebellion,@shufflerebellion,Instagram,https://www.instagram.com/shufflerebellion/,Unknown,Shuffle / Rave Community,"Sabrina's shuffle community account; rave-adjacent and festival culture-embedded.",Yes
Life Is A Festival Co.,@lifeisafestivalco,Instagram,https://www.instagram.com/lifeisafestivalco/,Unknown,Rave / Lifestyle Brand,"Ade's (@vibewithade) community brand; festival and life coaching for ravers.",Yes
The Festival Babes,@thefestivalbabes,Instagram,https://www.instagram.com/thefestivalbabes/,Unknown — est. 20K+,Festival / Community Brand,"Festival community brand; multiple creators involved (Britta Grace, Chelle Winn, Emorie Mae, Juliana). Great community pitch.",Yes
Plurway,plurway.com,Website / Community,https://plurway.com/,Unknown,PLUR / Rave Community,"PLUR-focused community site; mom hugs, free food and water tent outside raves and festivals. Radical kindness ethos — Glimmer Cards are a natural fit.",Yes
Chelle Winn,@chellbaee,Instagram,https://www.instagram.com/chellbaee/,4.5K IG,Festival Influencer / Flow,"Executive at @thefestivalbabes; shows, festivals, fashion, flow. Small but very engaged community figure.",Yes
Emorie Mae,@emorie.mae,Instagram,https://www.instagram.com/emorie.mae/,4.3K IG,Festival Influencer,"@thefestivalbabes and @collectivefestivalmgmt; @sacredhiveofficial; rave positivity content.",Yes
Unicorn Raver,@unicorn.raver,Instagram,https://www.instagram.com/unicorn.raver/,23.6K IG,Rave Influencer,"House and dubstep; rave fashion inspo; PLUR vibes; Bonnaroo-attending.",Yes
Josh Lifts Brah,@joshliftsbrah,Instagram,https://www.instagram.com/joshliftsbrah/,19.7K IG,Rave Influencer / Fitness,"@legion code JOSHLIFTS; @ravewonderland model; rave + gym lifestyle; DM-focused community builder.",Yes
Heyrosiejean / Rosie Jean,@heyrosiejean,Instagram,https://www.instagram.com/heyrosiejean/,15.7K IG,Rave Influencer,Nature and rave aesthetic; mushroom/fairy vibe; rave culture content.,Yes
Hurricane Raver,@hurricaneraver,Instagram,https://www.instagram.com/hurricaneraver/,12.6K IG,Rave Influencer,"40 festivals, 150+ shows; Thunderdome, System Overload, Ultra, EDC LV; very active raver; multiple affiliate codes already.",Yes
Kayla Dawn,@kayladawn90,Instagram,https://www.instagram.com/kayladawn90/,11.8K IG,Rave Influencer,"FL-based rave content creator; rave lifestyle.",Yes
Mariselle Galdi,@marisellegaldi,Instagram,https://www.instagram.com/marisellegaldi/,10.6K IG,Rave Influencer,"NJ/NYC; PLUR content; headbanger, shuffler, flow artist — triple overlap with Glimmer Cards target communities.",Yes
Brandi Mercer / BrandiVrse,@brandiimercer,Instagram,https://www.instagram.com/brandiimercer/,119,Rave Influencer,"Brandi's personal account (main is @brandivrse above). Very new/small — skip.",No
Rave Culture Podcast,raveculturecast,Podcast / Spotify,https://podtail.com/en/podcast/rave-culture-podcast/,Unknown,Podcast / EDM Media,Rave Culture Podcast; interviews rave community figures; sponsors would reach highly engaged audience.,Yes
Flow Arts Institute,flowartsinstitute.com,Website / Community,https://flowartsinstitute.com/,Unknown,Flow Arts Community / Education,"Non-profit and community resource for flow arts; reaches thousands of flow artists worldwide. PR/partnership opportunity rather than affiliate.",Maybe
Amazing Flow Arts,@amazing_flow_arts,Instagram,https://www.instagram.com/amazing_flow_arts/,28K IG,Flow Arts Community,"Community curation account; 'Come for the fire and be inspired'; 6900+ posts; very active community hub.",Yes
Sacred Flow Art (Shop),sacredflowart.com,Website / E-commerce,https://sacredflowart.com/,Unknown,Flow Arts Brand / Community,"LED hoops, fire props, poi shop; serves the flow arts community directly. Partnership/co-marketing opportunity.",Maybe
Synergy Flow Arts (Athletes),synergyflowarts.com,Website / Community,https://www.synergyflowarts.com/,Unknown,Flow Arts Brand / Community,"Sponsors skilled flow artists; works with multi-hoop fire spinners, circus artists; reaching their sponsored athletes as potential affiliates makes sense.",Maybe
DPlur Princess,@dplurprincess,Instagram,https://www.instagram.com/dplurprincess/,Unknown,PLUR / Rave Influencer,"Featured on Rave Culture Podcast; beauty and PLUR values; embodies the PLUR mentality. Very aligned with Glimmer Cards.",Yes
Noel Yee,noelpoiflow (search),YouTube / Instagram,https://www.youtube.com/results?search_query=noel+yee+poi,Unknown — est. 50K+,Flow Arts Expert,"Noted expert in flow arts: contact staff, poi, buugeng; referenced in Flow Arts Institute content. Influential in the flow arts education world.",Maybe
Art of Flow Podcast,artofflowpodcast.com,Podcast / Website,https://artofflowpodcast.com/,Unknown,Flow Arts Podcast / Community,"Podcast covering flow arts; interviews flow artists and educators; reaches dedicated flow community. Sponsorship/affiliate opportunity.",Yes
